<?xml version="1.0" encoding="UTF-8"?>
<!DOCTYPE suite SYSTEM "https://testng.org/testng-1.0.dtd">
<suite name="Suite">
<listeners>
    <listener class-name="retry.RetryListener"/>
</listeners>
	 <test name="Edge">
		<parameter name="browser" value="edge" />
		<classes>
			<class name="testRunner.TestRun" />
		</classes>
	</test>
 <!-- <test name="Chrome">
		<parameter name="browser" value="chrome" />
		<classes>
			<class name="testRunner.TestRun" />
		</classes>
	</test> -->
</suite>